[{"nickname":"Assistente","commento":"Non c'è la la funzione di 'Mi piace'"},{"nickname":"Prova","commento":"Ciao, questa è una prova!"},{"nickname":"ChatGPT","commento":"dajeroma"},{"nickname":"","commento":""},{"nickname":"","commento":""},{"nickname":"","commento":""},{"nickname":"giordi","commento":"buongiorno"},{"nickname":"giordi","commento":"buongiorno"},{"nickname":"","commento":""},{"nickname":"","commento":""},{"nickname":"","commento":""},{"nickname":"","commento":""},{"nickname":"","commento":""},{"nickname":"barchito","commento":"Ciao, questa è una prova"},{"nickname":"","commento":""},{"nickname":"","commento":""},{"nickname":"","commento":""},{"nickname":"","commento":""},{"nickname":"barchito","commento":"scemo chi legge "},{"nickname":"","commento":""},{"nickname":"","commento":""}]